<?xml version="1.0" encoding="utf-8"?>
<VugenScriptMetadata>
  <ScriptName>UC_01_Reg_User</ScriptName>
  <Protocol>Web - HTTP/HTML</Protocol>
  <ActionFiles>
    <FileEntry Name="vuser_init.c" Filter="2" />
    <FileEntry Name="Action.c" Filter="2" />
    <FileEntry Name="vuser_end.c" Filter="2" />
  </ActionFiles>
  <GeneralFiles>
    <FileEntry Name="UC_01_Reg_User.usr" Filter="4" />
    <FileEntry Name="default.cfg" Filter="4" />
    <FileEntry Name="default.usp" Filter="4" />
    <FileEntry Name="UC_01_Reg_User.prm" Filter="2" />
    <FileEntry Name="globals.h" Filter="2" />
    <FileEntry Name="Logins.dat" Filter="2" />
    <FileEntry Name="combined_UC_01_Reg_User.c" Filter="2" />
    <FileEntry Name="pre_cci.c" Filter="2" />
    <FileEntry Name="7911391440.idx" Filter="1" />
    <FileEntry Name="791139144_0Jb.649.idx" Filter="1" />
    <FileEntry Name="791139144_0lm.645.idx" Filter="1" />
    <FileEntry Name="791139144_0oO.213.idx" Filter="1" />
    <FileEntry Name="791139144_0qH.885.idx" Filter="1" />
    <FileEntry Name="791139144_2HL.417.idx" Filter="1" />
    <FileEntry Name="791139144_3Hy.723.idx" Filter="1" />
    <FileEntry Name="791139144_3Oa.364.idx" Filter="1" />
    <FileEntry Name="791139144_3ua.463.idx" Filter="1" />
    <FileEntry Name="791139144_44a.1.idx" Filter="1" />
    <FileEntry Name="791139144_44j.477.idx" Filter="1" />
    <FileEntry Name="791139144_452.237.idx" Filter="1" />
    <FileEntry Name="791139144_4CO.191.idx" Filter="1" />
    <FileEntry Name="791139144_4lq.961.idx" Filter="1" />
    <FileEntry Name="791139144_4Y8.725.idx" Filter="1" />
    <FileEntry Name="791139144_4ya.661.idx" Filter="1" />
    <FileEntry Name="791139144_4ZG.53.idx" Filter="1" />
    <FileEntry Name="791139144_5zE.655.idx" Filter="1" />
    <FileEntry Name="791139144_67n.717.idx" Filter="1" />
    <FileEntry Name="791139144_6d7.421.idx" Filter="1" />
    <FileEntry Name="791139144_6MY.93.idx" Filter="1" />
    <FileEntry Name="791139144_7CW.369.idx" Filter="1" />
    <FileEntry Name="791139144_7jZ.263.idx" Filter="1" />
    <FileEntry Name="791139144_7nS.925.idx" Filter="1" />
    <FileEntry Name="791139144_7W5.525.idx" Filter="1" />
    <FileEntry Name="791139144_8Yb.795.idx" Filter="1" />
    <FileEntry Name="791139144_abT.599.idx" Filter="1" />
    <FileEntry Name="791139144_aD7.7.idx" Filter="1" />
    <FileEntry Name="791139144_AFk.441.idx" Filter="1" />
    <FileEntry Name="791139144_alE.935.idx" Filter="1" />
    <FileEntry Name="791139144_aUU.633.idx" Filter="1" />
    <FileEntry Name="791139144_aXC.303.idx" Filter="1" />
    <FileEntry Name="791139144_AXz.761.idx" Filter="1" />
    <FileEntry Name="791139144_Azc.723.idx" Filter="1" />
    <FileEntry Name="791139144_B1R.185.idx" Filter="1" />
    <FileEntry Name="791139144_bfm.291.idx" Filter="1" />
    <FileEntry Name="791139144_bMk.71.idx" Filter="1" />
    <FileEntry Name="791139144_BSn.329.idx" Filter="1" />
    <FileEntry Name="791139144_BZa.379.idx" Filter="1" />
    <FileEntry Name="791139144_Bzr.567.idx" Filter="1" />
    <FileEntry Name="791139144_C5g.465.idx" Filter="1" />
    <FileEntry Name="791139144_cA7.527.idx" Filter="1" />
    <FileEntry Name="791139144_ccu.47.idx" Filter="1" />
    <FileEntry Name="791139144_cd7.461.idx" Filter="1" />
    <FileEntry Name="791139144_Cf4.853.idx" Filter="1" />
    <FileEntry Name="791139144_cP9.551.idx" Filter="1" />
    <FileEntry Name="791139144_dGe.289.idx" Filter="1" />
    <FileEntry Name="791139144_DOf.535.idx" Filter="1" />
    <FileEntry Name="791139144_E2Y.833.idx" Filter="1" />
    <FileEntry Name="791139144_e5A.567.idx" Filter="1" />
    <FileEntry Name="791139144_e5I.77.idx" Filter="1" />
    <FileEntry Name="791139144_Efp.499.idx" Filter="1" />
    <FileEntry Name="791139144_EfY.359.idx" Filter="1" />
    <FileEntry Name="791139144_Ekm.527.idx" Filter="1" />
    <FileEntry Name="791139144_EmJ.977.idx" Filter="1" />
    <FileEntry Name="791139144_EmS.869.idx" Filter="1" />
    <FileEntry Name="791139144_evi.819.idx" Filter="1" />
    <FileEntry Name="791139144_f5s.785.idx" Filter="1" />
    <FileEntry Name="791139144_FD8.825.idx" Filter="1" />
    <FileEntry Name="791139144_FDf.869.idx" Filter="1" />
    <FileEntry Name="791139144_fDM.835.idx" Filter="1" />
    <FileEntry Name="791139144_FQU.725.idx" Filter="1" />
    <FileEntry Name="791139144_ftu.981.idx" Filter="1" />
    <FileEntry Name="791139144_fYv.19.idx" Filter="1" />
    <FileEntry Name="791139144_GbR.399.idx" Filter="1" />
    <FileEntry Name="791139144_Gl6.867.idx" Filter="1" />
    <FileEntry Name="791139144_gNG.531.idx" Filter="1" />
    <FileEntry Name="791139144_GOC.101.idx" Filter="1" />
    <FileEntry Name="791139144_gu0.73.idx" Filter="1" />
    <FileEntry Name="791139144_gw4.359.idx" Filter="1" />
    <FileEntry Name="791139144_gXl.785.idx" Filter="1" />
    <FileEntry Name="791139144_h4V.439.idx" Filter="1" />
    <FileEntry Name="791139144_hEG.179.idx" Filter="1" />
    <FileEntry Name="791139144_hll.925.idx" Filter="1" />
    <FileEntry Name="791139144_hmE.733.idx" Filter="1" />
    <FileEntry Name="791139144_HNh.381.idx" Filter="1" />
    <FileEntry Name="791139144_Hwk.809.idx" Filter="1" />
    <FileEntry Name="791139144_inH.149.idx" Filter="1" />
    <FileEntry Name="791139144_Isk.617.idx" Filter="1" />
    <FileEntry Name="791139144_IUY.615.idx" Filter="1" />
    <FileEntry Name="791139144_IXd.945.idx" Filter="1" />
    <FileEntry Name="791139144_Iz5.91.idx" Filter="1" />
    <FileEntry Name="791139144_J41.987.idx" Filter="1" />
    <FileEntry Name="791139144_j7g.331.idx" Filter="1" />
    <FileEntry Name="791139144_jad.477.idx" Filter="1" />
    <FileEntry Name="791139144_jBH.324.idx" Filter="1" />
    <FileEntry Name="791139144_jeo.525.idx" Filter="1" />
    <FileEntry Name="791139144_jnL.507.idx" Filter="1" />
    <FileEntry Name="791139144_K3r.527.idx" Filter="1" />
    <FileEntry Name="791139144_K9f.77.idx" Filter="1" />
    <FileEntry Name="791139144_kdv.425.idx" Filter="1" />
    <FileEntry Name="791139144_KOv.551.idx" Filter="1" />
    <FileEntry Name="791139144_KpZ.65.idx" Filter="1" />
    <FileEntry Name="791139144_KWS.367.idx" Filter="1" />
    <FileEntry Name="791139144_L9u.745.idx" Filter="1" />
    <FileEntry Name="791139144_LaU.165.idx" Filter="1" />
    <FileEntry Name="791139144_lHK.419.idx" Filter="1" />
    <FileEntry Name="791139144_LJZ.363.idx" Filter="1" />
    <FileEntry Name="791139144_lna.135.idx" Filter="1" />
    <FileEntry Name="791139144_LQU.809.idx" Filter="1" />
    <FileEntry Name="791139144_lUA.15.idx" Filter="1" />
    <FileEntry Name="791139144_lXf.269.idx" Filter="1" />
    <FileEntry Name="791139144_m6t.1.idx" Filter="1" />
    <FileEntry Name="791139144_MBk.489.idx" Filter="1" />
    <FileEntry Name="791139144_mJR.603.idx" Filter="1" />
    <FileEntry Name="791139144_mKZ.841.idx" Filter="1" />
    <FileEntry Name="791139144_mtH.269.idx" Filter="1" />
    <FileEntry Name="791139144_mti.981.idx" Filter="1" />
    <FileEntry Name="791139144_mX1.377.idx" Filter="1" />
    <FileEntry Name="791139144_MzJ.123.idx" Filter="1" />
    <FileEntry Name="791139144_n7Z.515.idx" Filter="1" />
    <FileEntry Name="791139144_n9M.747.idx" Filter="1" />
    <FileEntry Name="791139144_NRX.437.idx" Filter="1" />
    <FileEntry Name="791139144_o6b.109.idx" Filter="1" />
    <FileEntry Name="791139144_o9A.59.idx" Filter="1" />
    <FileEntry Name="791139144_OIv.425.idx" Filter="1" />
    <FileEntry Name="791139144_OLa.139.idx" Filter="1" />
    <FileEntry Name="791139144_Onj.479.idx" Filter="1" />
    <FileEntry Name="791139144_OPu.836.idx" Filter="1" />
    <FileEntry Name="791139144_oSb.729.idx" Filter="1" />
    <FileEntry Name="791139144_oux.661.idx" Filter="1" />
    <FileEntry Name="791139144_pC5.445.idx" Filter="1" />
    <FileEntry Name="791139144_PUi.323.idx" Filter="1" />
    <FileEntry Name="791139144_Pye.231.idx" Filter="1" />
    <FileEntry Name="791139144_pyF.775.idx" Filter="1" />
    <FileEntry Name="791139144_q4z.665.idx" Filter="1" />
    <FileEntry Name="791139144_qDr.75.idx" Filter="1" />
    <FileEntry Name="791139144_qlK.25.idx" Filter="1" />
    <FileEntry Name="791139144_QSp.227.idx" Filter="1" />
    <FileEntry Name="791139144_qZM.453.idx" Filter="1" />
    <FileEntry Name="791139144_R1U.27.idx" Filter="1" />
    <FileEntry Name="791139144_ren.473.idx" Filter="1" />
    <FileEntry Name="791139144_ret.793.idx" Filter="1" />
    <FileEntry Name="791139144_rOU.209.idx" Filter="1" />
    <FileEntry Name="791139144_Rps.977.idx" Filter="1" />
    <FileEntry Name="791139144_sdL.753.idx" Filter="1" />
    <FileEntry Name="791139144_tA9.517.idx" Filter="1" />
    <FileEntry Name="791139144_tEG.743.idx" Filter="1" />
    <FileEntry Name="791139144_tkE.941.idx" Filter="1" />
    <FileEntry Name="791139144_tKP.737.idx" Filter="1" />
    <FileEntry Name="791139144_tl8.879.idx" Filter="1" />
    <FileEntry Name="791139144_Tmp.725.idx" Filter="1" />
    <FileEntry Name="791139144_tNR.215.idx" Filter="1" />
    <FileEntry Name="791139144_toN.459.idx" Filter="1" />
    <FileEntry Name="791139144_U9e.235.idx" Filter="1" />
    <FileEntry Name="791139144_ubB.925.idx" Filter="1" />
    <FileEntry Name="791139144_UFD.527.idx" Filter="1" />
    <FileEntry Name="791139144_Uny.149.idx" Filter="1" />
    <FileEntry Name="791139144_UQd.717.idx" Filter="1" />
    <FileEntry Name="791139144_V0C.521.idx" Filter="1" />
    <FileEntry Name="791139144_V1f.834.idx" Filter="1" />
    <FileEntry Name="791139144_vaD.197.idx" Filter="1" />
    <FileEntry Name="791139144_vcG.249.idx" Filter="1" />
    <FileEntry Name="791139144_vPZ.249.idx" Filter="1" />
    <FileEntry Name="791139144_vqb.617.idx" Filter="1" />
    <FileEntry Name="791139144_Vr7.949.idx" Filter="1" />
    <FileEntry Name="791139144_vSh.85.idx" Filter="1" />
    <FileEntry Name="791139144_VXj.691.idx" Filter="1" />
    <FileEntry Name="791139144_W9t.487.idx" Filter="1" />
    <FileEntry Name="791139144_wCg.341.idx" Filter="1" />
    <FileEntry Name="791139144_WKf.279.idx" Filter="1" />
    <FileEntry Name="791139144_wZJ.195.idx" Filter="1" />
    <FileEntry Name="791139144_WZo.353.idx" Filter="1" />
    <FileEntry Name="791139144_X8g.363.idx" Filter="1" />
    <FileEntry Name="791139144_x8y.51.idx" Filter="1" />
    <FileEntry Name="791139144_x9g.427.idx" Filter="1" />
    <FileEntry Name="791139144_xwO.951.idx" Filter="1" />
    <FileEntry Name="791139144_Y5O.833.idx" Filter="1" />
    <FileEntry Name="791139144_yH9.705.idx" Filter="1" />
    <FileEntry Name="791139144_Yzt.477.idx" Filter="1" />
    <FileEntry Name="791139144_Z9T.973.idx" Filter="1" />
    <FileEntry Name="791139144_zdN.607.idx" Filter="1" />
    <FileEntry Name="791139144_zeY.935.idx" Filter="1" />
    <FileEntry Name="791139144_zfw.729.idx" Filter="1" />
    <FileEntry Name="791139144_zFY.699.idx" Filter="1" />
    <FileEntry Name="791139144_zh3.129.idx" Filter="1" />
    <FileEntry Name="791139144_zRN.527.idx" Filter="1" />
    <FileEntry Name="80772725440.idx" Filter="1" />
    <FileEntry Name="Bookmarks.xml" Filter="1" />
    <FileEntry Name="Breakpoints.xml" Filter="1" />
    <FileEntry Name="CompilerLogMetadata.xml" Filter="1" />
    <FileEntry Name="data.zip" Filter="1" />
    <FileEntry Name="logfile.log" Filter="1" />
    <FileEntry Name="mdrv.log" Filter="1" />
    <FileEntry Name="mdrvdGH.375.log" Filter="1" />
    <FileEntry Name="mdrvTRl.109.log" Filter="1" />
    <FileEntry Name="mdrv_cmd.txt" Filter="1" />
    <FileEntry Name="NewParam.dat" Filter="1" />
    <FileEntry Name="options.txt" Filter="1" />
    <FileEntry Name="output.bak" Filter="1" />
    <FileEntry Name="output.txt" Filter="1" />
    <FileEntry Name="OutputColoringDatabase.json" Filter="1" />
    <FileEntry Name="ReplaySummaryReport.xml" Filter="1" />
    <FileEntry Name="ScriptUploadMetadata.xml" Filter="1" />
    <FileEntry Name="ThumbnailsCache.tmp" Filter="1" />
    <FileEntry Name="TransactionsData.db" Filter="1" />
    <FileEntry Name="UC_01_Reg_User.c.pickle" Filter="1" />
    <FileEntry Name="UC_01_Reg_User.ci" Filter="1" />
    <FileEntry Name="UC_01_Reg_User.prm.bak" Filter="1" />
    <FileEntry Name="username.dat" Filter="1" />
    <FileEntry Name="Users.csv" Filter="1" />
    <FileEntry Name="UserTasks.xml" Filter="1" />
    <FileEntry Name="data\" Filter="1" />
    <FileEntry Name="result1\" Filter="1" />
  </GeneralFiles>
</VugenScriptMetadata>