<?xml version="1.0" encoding="utf-8"?>
<VugenScriptMetadata>
  <ScriptName>UC_04_Create_Treads</ScriptName>
  <Protocol>Web - HTTP/HTML</Protocol>
  <ActionFiles>
    <FileEntry Name="vuser_init.c" Filter="2" />
    <FileEntry Name="Action.c" Filter="2" />
    <FileEntry Name="vuser_end.c" Filter="2" />
  </ActionFiles>
  <GeneralFiles>
    <FileEntry Name="UC_04_Create_Treads.usr" Filter="4" />
    <FileEntry Name="default.cfg" Filter="4" />
    <FileEntry Name="default.usp" Filter="4" />
    <FileEntry Name="UC_04_Create_Treads.prm" Filter="2" />
    <FileEntry Name="globals.h" Filter="2" />
    <FileEntry Name="Logins.dat" Filter="2" />
    <FileEntry Name="combined_UC_04_Create_Treads.c" Filter="2" />
    <FileEntry Name="pre_cci.c" Filter="2" />
    <FileEntry Name="18190924440.idx" Filter="1" />
    <FileEntry Name="1819092444_6gw.505.idx" Filter="1" />
    <FileEntry Name="1819092444_7fd.821.idx" Filter="1" />
    <FileEntry Name="1819092444_aaP.257.idx" Filter="1" />
    <FileEntry Name="1819092444_FVA.899.idx" Filter="1" />
    <FileEntry Name="1819092444_jtM.791.idx" Filter="1" />
    <FileEntry Name="1819092444_VLp.807.idx" Filter="1" />
    <FileEntry Name="1819092444_wgE.67.idx" Filter="1" />
    <FileEntry Name="1819092444_WPm.519.idx" Filter="1" />
    <FileEntry Name="1819092444_YjN.655.idx" Filter="1" />
    <FileEntry Name="1819092444_zdN.607.idx" Filter="1" />
    <FileEntry Name="Bookmarks.xml" Filter="1" />
    <FileEntry Name="Breakpoints.xml" Filter="1" />
    <FileEntry Name="CompilerLogMetadata.xml" Filter="1" />
    <FileEntry Name="custom_body_variables.txt" Filter="1" />
    <FileEntry Name="logfile.log" Filter="1" />
    <FileEntry Name="lrw_custom_body.h" Filter="1" />
    <FileEntry Name="mdrv.log" Filter="1" />
    <FileEntry Name="mdrv_cmd.txt" Filter="1" />
    <FileEntry Name="options.txt" Filter="1" />
    <FileEntry Name="output.bak" Filter="1" />
    <FileEntry Name="output.txt" Filter="1" />
    <FileEntry Name="OutputColoringDatabase.json" Filter="1" />
    <FileEntry Name="ReplaySummaryReport.xml" Filter="1" />
    <FileEntry Name="ScriptUploadMetadata.xml" Filter="1" />
    <FileEntry Name="ThumbnailsCache.tmp" Filter="1" />
    <FileEntry Name="TransactionsData.db" Filter="1" />
    <FileEntry Name="UC_04_Create_Treads.c.pickle" Filter="1" />
    <FileEntry Name="UC_04_Create_Treads.ci" Filter="1" />
    <FileEntry Name="UC_04_Create_Treads.prm.bak" Filter="1" />
    <FileEntry Name="UserTasks.xml" Filter="1" />
    <FileEntry Name="data\" Filter="1" />
    <FileEntry Name="result1\" Filter="1" />
  </GeneralFiles>
</VugenScriptMetadata>